# CodeBrix.LilyPort ratchet -- every time a floor came DOWN, and why.
# Append-only, written by `ratchet.py rebaseline`. The manifest records
# what the floor IS; this records what happened to it, so a row that
# reads lower than a plan document claims can always be accounted for.
#
# date	name	from	to	reason
2026-08-07	measure-counter-grace.svg	GLYPHS-DIFFER	MISSING	GENUINE regression from EPG17's first slice, kept deliberately: registering the grace iterator constructor lets \grace be iterated for real, so the file now reaches the unported ly:spanner-broken-into (EPG15's break-substitution.cc). Its page existed only because the grace music was never iterated. Jeremy's ruling 2026-08-07: record the row coming down with the reason rather than reverting the port; the row returns when EPG15 lands.
2026-08-07	allow-break-ancient.svg	GLYPHS-DIFFER	MISSING	PHANTOM floor, re-baselined 1541 -> 1444. BatchDriver never cleaned candidate/svg, so each of these rows was graded against a page an EARLIER run had produced, after the file itself had stopped producing one; the ratchet then reported no regression for the failure it exists to catch. First measurement against a clean directory 2026-08-07. Attribution is from the saved sweep logs, which record what each sweep PRODUCED and so do not depend on the directory: 23 stopped at LS-FIX2, 14 at Wave A, 59 at EPG22, and NONE was still producing in the most recent sweep. 78 of the stale pages held zero music glyphs. Causes now: 40 pre-existing parse errors, 29 ly:stencil-extent, 18 no-current-parser (a live defect this exposed), 10 other. Per-row evidence: ~/ClaudeHome/ANALYSIS_lilyport_harnessfix_phantom_rows_2026-08-07.tsv. The engine did not get worse; the measurement was wrong.
2026-08-07	apply-output.svg	GLYPHS-DIFFER	MISSING	PHANTOM floor, re-baselined 1541 -> 1444. BatchDriver never cleaned candidate/svg, so each of these rows was graded against a page an EARLIER run had produced, after the file itself had stopped producing one; the ratchet then reported no regression for the failure it exists to catch. First measurement against a clean directory 2026-08-07. Attribution is from the saved sweep logs, which record what each sweep PRODUCED and so do not depend on the directory: 23 stopped at LS-FIX2, 14 at Wave A, 59 at EPG22, and NONE was still producing in the most recent sweep. 78 of the stale pages held zero music glyphs. Causes now: 40 pre-existing parse errors, 29 ly:stencil-extent, 18 no-current-parser (a live defect this exposed), 10 other. Per-row evidence: ~/ClaudeHome/ANALYSIS_lilyport_harnessfix_phantom_rows_2026-08-07.tsv. The engine did not get worse; the measurement was wrong.
2026-08-07	arpeggio-at-right-bracket.svg	GLYPHS-DIFFER	MISSING	PHANTOM floor, re-baselined 1541 -> 1444. BatchDriver never cleaned candidate/svg, so each of these rows was graded against a page an EARLIER run had produced, after the file itself had stopped producing one; the ratchet then reported no regression for the failure it exists to catch. First measurement against a clean directory 2026-08-07. Attribution is from the saved sweep logs, which record what each sweep PRODUCED and so do not depend on the directory: 23 stopped at LS-FIX2, 14 at Wave A, 59 at EPG22, and NONE was still producing in the most recent sweep. 78 of the stale pages held zero music glyphs. Causes now: 40 pre-existing parse errors, 29 ly:stencil-extent, 18 no-current-parser (a live defect this exposed), 10 other. Per-row evidence: ~/ClaudeHome/ANALYSIS_lilyport_harnessfix_phantom_rows_2026-08-07.tsv. The engine did not get worse; the measurement was wrong.
2026-08-07	arpeggio-at-right-parenthesis-dashed.svg	GLYPHS-DIFFER	MISSING	PHANTOM floor, re-baselined 1541 -> 1444. BatchDriver never cleaned candidate/svg, so each of these rows was graded against a page an EARLIER run had produced, after the file itself had stopped producing one; the ratchet then reported no regression for the failure it exists to catch. First measurement against a clean directory 2026-08-07. Attribution is from the saved sweep logs, which record what each sweep PRODUCED and so do not depend on the directory: 23 stopped at LS-FIX2, 14 at Wave A, 59 at EPG22, and NONE was still producing in the most recent sweep. 78 of the stale pages held zero music glyphs. Causes now: 40 pre-existing parse errors, 29 ly:stencil-extent, 18 no-current-parser (a live defect this exposed), 10 other. Per-row evidence: ~/ClaudeHome/ANALYSIS_lilyport_harnessfix_phantom_rows_2026-08-07.tsv. The engine did not get worse; the measurement was wrong.
2026-08-07	arpeggio-at-right-parenthesis.svg	GLYPHS-DIFFER	MISSING	PHANTOM floor, re-baselined 1541 -> 1444. BatchDriver never cleaned candidate/svg, so each of these rows was graded against a page an EARLIER run had produced, after the file itself had stopped producing one; the ratchet then reported no regression for the failure it exists to catch. First measurement against a clean directory 2026-08-07. Attribution is from the saved sweep logs, which record what each sweep PRODUCED and so do not depend on the directory: 23 stopped at LS-FIX2, 14 at Wave A, 59 at EPG22, and NONE was still producing in the most recent sweep. 78 of the stale pages held zero music glyphs. Causes now: 40 pre-existing parse errors, 29 ly:stencil-extent, 18 no-current-parser (a live defect this exposed), 10 other. Per-row evidence: ~/ClaudeHome/ANALYSIS_lilyport_harnessfix_phantom_rows_2026-08-07.tsv. The engine did not get worse; the measurement was wrong.
2026-08-07	arpeggio-collision.svg	GLYPHS-DIFFER	MISSING	PHANTOM floor, re-baselined 1541 -> 1444. BatchDriver never cleaned candidate/svg, so each of these rows was graded against a page an EARLIER run had produced, after the file itself had stopped producing one; the ratchet then reported no regression for the failure it exists to catch. First measurement against a clean directory 2026-08-07. Attribution is from the saved sweep logs, which record what each sweep PRODUCED and so do not depend on the directory: 23 stopped at LS-FIX2, 14 at Wave A, 59 at EPG22, and NONE was still producing in the most recent sweep. 78 of the stale pages held zero music glyphs. Causes now: 40 pre-existing parse errors, 29 ly:stencil-extent, 18 no-current-parser (a live defect this exposed), 10 other. Per-row evidence: ~/ClaudeHome/ANALYSIS_lilyport_harnessfix_phantom_rows_2026-08-07.tsv. The engine did not get worse; the measurement was wrong.
2026-08-07	arpeggio-span-collision-bracket.svg	GLYPHS-DIFFER	MISSING	PHANTOM floor, re-baselined 1541 -> 1444. BatchDriver never cleaned candidate/svg, so each of these rows was graded against a page an EARLIER run had produced, after the file itself had stopped producing one; the ratchet then reported no regression for the failure it exists to catch. First measurement against a clean directory 2026-08-07. Attribution is from the saved sweep logs, which record what each sweep PRODUCED and so do not depend on the directory: 23 stopped at LS-FIX2, 14 at Wave A, 59 at EPG22, and NONE was still producing in the most recent sweep. 78 of the stale pages held zero music glyphs. Causes now: 40 pre-existing parse errors, 29 ly:stencil-extent, 18 no-current-parser (a live defect this exposed), 10 other. Per-row evidence: ~/ClaudeHome/ANALYSIS_lilyport_harnessfix_phantom_rows_2026-08-07.tsv. The engine did not get worse; the measurement was wrong.
2026-08-07	arpeggio-span-collision-parenthesis.svg	GLYPHS-DIFFER	MISSING	PHANTOM floor, re-baselined 1541 -> 1444. BatchDriver never cleaned candidate/svg, so each of these rows was graded against a page an EARLIER run had produced, after the file itself had stopped producing one; the ratchet then reported no regression for the failure it exists to catch. First measurement against a clean directory 2026-08-07. Attribution is from the saved sweep logs, which record what each sweep PRODUCED and so do not depend on the directory: 23 stopped at LS-FIX2, 14 at Wave A, 59 at EPG22, and NONE was still producing in the most recent sweep. 78 of the stale pages held zero music glyphs. Causes now: 40 pre-existing parse errors, 29 ly:stencil-extent, 18 no-current-parser (a live defect this exposed), 10 other. Per-row evidence: ~/ClaudeHome/ANALYSIS_lilyport_harnessfix_phantom_rows_2026-08-07.tsv. The engine did not get worse; the measurement was wrong.
2026-08-07	arpeggio-span-collision.svg	GLYPHS-DIFFER	MISSING	PHANTOM floor, re-baselined 1541 -> 1444. BatchDriver never cleaned candidate/svg, so each of these rows was graded against a page an EARLIER run had produced, after the file itself had stopped producing one; the ratchet then reported no regression for the failure it exists to catch. First measurement against a clean directory 2026-08-07. Attribution is from the saved sweep logs, which record what each sweep PRODUCED and so do not depend on the directory: 23 stopped at LS-FIX2, 14 at Wave A, 59 at EPG22, and NONE was still producing in the most recent sweep. 78 of the stale pages held zero music glyphs. Causes now: 40 pre-existing parse errors, 29 ly:stencil-extent, 18 no-current-parser (a live defect this exposed), 10 other. Per-row evidence: ~/ClaudeHome/ANALYSIS_lilyport_harnessfix_phantom_rows_2026-08-07.tsv. The engine did not get worse; the measurement was wrong.
2026-08-07	bar-line-define-fine-v-repeat-segno.svg	GLYPHS-DIFFER	MISSING	PHANTOM floor, re-baselined 1541 -> 1444. BatchDriver never cleaned candidate/svg, so each of these rows was graded against a page an EARLIER run had produced, after the file itself had stopped producing one; the ratchet then reported no regression for the failure it exists to catch. First measurement against a clean directory 2026-08-07. Attribution is from the saved sweep logs, which record what each sweep PRODUCED and so do not depend on the directory: 23 stopped at LS-FIX2, 14 at Wave A, 59 at EPG22, and NONE was still producing in the most recent sweep. 78 of the stale pages held zero music glyphs. Causes now: 40 pre-existing parse errors, 29 ly:stencil-extent, 18 no-current-parser (a live defect this exposed), 10 other. Per-row evidence: ~/ClaudeHome/ANALYSIS_lilyport_harnessfix_phantom_rows_2026-08-07.tsv. The engine did not get worse; the measurement was wrong.
2026-08-07	bar-line-define-fine-v-repeat.svg	GLYPHS-DIFFER	MISSING	PHANTOM floor, re-baselined 1541 -> 1444. BatchDriver never cleaned candidate/svg, so each of these rows was graded against a page an EARLIER run had produced, after the file itself had stopped producing one; the ratchet then reported no regression for the failure it exists to catch. First measurement against a clean directory 2026-08-07. Attribution is from the saved sweep logs, which record what each sweep PRODUCED and so do not depend on the directory: 23 stopped at LS-FIX2, 14 at Wave A, 59 at EPG22, and NONE was still producing in the most recent sweep. 78 of the stale pages held zero music glyphs. Causes now: 40 pre-existing parse errors, 29 ly:stencil-extent, 18 no-current-parser (a live defect this exposed), 10 other. Per-row evidence: ~/ClaudeHome/ANALYSIS_lilyport_harnessfix_phantom_rows_2026-08-07.tsv. The engine did not get worse; the measurement was wrong.
2026-08-07	bar-line-define-repeat-segno.svg	GLYPHS-DIFFER	MISSING	PHANTOM floor, re-baselined 1541 -> 1444. BatchDriver never cleaned candidate/svg, so each of these rows was graded against a page an EARLIER run had produced, after the file itself had stopped producing one; the ratchet then reported no regression for the failure it exists to catch. First measurement against a clean directory 2026-08-07. Attribution is from the saved sweep logs, which record what each sweep PRODUCED and so do not depend on the directory: 23 stopped at LS-FIX2, 14 at Wave A, 59 at EPG22, and NONE was still producing in the most recent sweep. 78 of the stale pages held zero music glyphs. Causes now: 40 pre-existing parse errors, 29 ly:stencil-extent, 18 no-current-parser (a live defect this exposed), 10 other. Per-row evidence: ~/ClaudeHome/ANALYSIS_lilyport_harnessfix_phantom_rows_2026-08-07.tsv. The engine did not get worse; the measurement was wrong.
2026-08-07	bar-line-define-repeat.svg	GLYPHS-DIFFER	MISSING	PHANTOM floor, re-baselined 1541 -> 1444. BatchDriver never cleaned candidate/svg, so each of these rows was graded against a page an EARLIER run had produced, after the file itself had stopped producing one; the ratchet then reported no regression for the failure it exists to catch. First measurement against a clean directory 2026-08-07. Attribution is from the saved sweep logs, which record what each sweep PRODUCED and so do not depend on the directory: 23 stopped at LS-FIX2, 14 at Wave A, 59 at EPG22, and NONE was still producing in the most recent sweep. 78 of the stale pages held zero music glyphs. Causes now: 40 pre-existing parse errors, 29 ly:stencil-extent, 18 no-current-parser (a live defect this exposed), 10 other. Per-row evidence: ~/ClaudeHome/ANALYSIS_lilyport_harnessfix_phantom_rows_2026-08-07.tsv. The engine did not get worse; the measurement was wrong.
2026-08-07	bar-line-submeasure-grace.svg	GLYPHS-DIFFER	MISSING	PHANTOM floor, re-baselined 1541 -> 1444. BatchDriver never cleaned candidate/svg, so each of these rows was graded against a page an EARLIER run had produced, after the file itself had stopped producing one; the ratchet then reported no regression for the failure it exists to catch. First measurement against a clean directory 2026-08-07. Attribution is from the saved sweep logs, which record what each sweep PRODUCED and so do not depend on the directory: 23 stopped at LS-FIX2, 14 at Wave A, 59 at EPG22, and NONE was still producing in the most recent sweep. 78 of the stale pages held zero music glyphs. Causes now: 40 pre-existing parse errors, 29 ly:stencil-extent, 18 no-current-parser (a live defect this exposed), 10 other. Per-row evidence: ~/ClaudeHome/ANALYSIS_lilyport_harnessfix_phantom_rows_2026-08-07.tsv. The engine did not get worse; the measurement was wrong.
2026-08-07	bar-line-thickness.svg	GLYPHS-DIFFER	MISSING	PHANTOM floor, re-baselined 1541 -> 1444. BatchDriver never cleaned candidate/svg, so each of these rows was graded against a page an EARLIER run had produced, after the file itself had stopped producing one; the ratchet then reported no regression for the failure it exists to catch. First measurement against a clean directory 2026-08-07. Attribution is from the saved sweep logs, which record what each sweep PRODUCED and so do not depend on the directory: 23 stopped at LS-FIX2, 14 at Wave A, 59 at EPG22, and NONE was still producing in the most recent sweep. 78 of the stale pages held zero music glyphs. Causes now: 40 pre-existing parse errors, 29 ly:stencil-extent, 18 no-current-parser (a live defect this exposed), 10 other. Per-row evidence: ~/ClaudeHome/ANALYSIS_lilyport_harnessfix_phantom_rows_2026-08-07.tsv. The engine did not get worse; the measurement was wrong.
2026-08-07	bar-line-unset.svg	GLYPHS-DIFFER	MISSING	PHANTOM floor, re-baselined 1541 -> 1444. BatchDriver never cleaned candidate/svg, so each of these rows was graded against a page an EARLIER run had produced, after the file itself had stopped producing one; the ratchet then reported no regression for the failure it exists to catch. First measurement against a clean directory 2026-08-07. Attribution is from the saved sweep logs, which record what each sweep PRODUCED and so do not depend on the directory: 23 stopped at LS-FIX2, 14 at Wave A, 59 at EPG22, and NONE was still producing in the most recent sweep. 78 of the stale pages held zero music glyphs. Causes now: 40 pre-existing parse errors, 29 ly:stencil-extent, 18 no-current-parser (a live defect this exposed), 10 other. Per-row evidence: ~/ClaudeHome/ANALYSIS_lilyport_harnessfix_phantom_rows_2026-08-07.tsv. The engine did not get worse; the measurement was wrong.
2026-08-07	beaming-more-than-4-beams-normal-size.svg	GLYPHS-DIFFER	MISSING	PHANTOM floor, re-baselined 1541 -> 1444. BatchDriver never cleaned candidate/svg, so each of these rows was graded against a page an EARLIER run had produced, after the file itself had stopped producing one; the ratchet then reported no regression for the failure it exists to catch. First measurement against a clean directory 2026-08-07. Attribution is from the saved sweep logs, which record what each sweep PRODUCED and so do not depend on the directory: 23 stopped at LS-FIX2, 14 at Wave A, 59 at EPG22, and NONE was still producing in the most recent sweep. 78 of the stale pages held zero music glyphs. Causes now: 40 pre-existing parse errors, 29 ly:stencil-extent, 18 no-current-parser (a live defect this exposed), 10 other. Per-row evidence: ~/ClaudeHome/ANALYSIS_lilyport_harnessfix_phantom_rows_2026-08-07.tsv. The engine did not get worse; the measurement was wrong.
2026-08-07	bend-bound.svg	GLYPHS-DIFFER	MISSING	PHANTOM floor, re-baselined 1541 -> 1444. BatchDriver never cleaned candidate/svg, so each of these rows was graded against a page an EARLIER run had produced, after the file itself had stopped producing one; the ratchet then reported no regression for the failure it exists to catch. First measurement against a clean directory 2026-08-07. Attribution is from the saved sweep logs, which record what each sweep PRODUCED and so do not depend on the directory: 23 stopped at LS-FIX2, 14 at Wave A, 59 at EPG22, and NONE was still producing in the most recent sweep. 78 of the stale pages held zero music glyphs. Causes now: 40 pre-existing parse errors, 29 ly:stencil-extent, 18 no-current-parser (a live defect this exposed), 10 other. Per-row evidence: ~/ClaudeHome/ANALYSIS_lilyport_harnessfix_phantom_rows_2026-08-07.tsv. The engine did not get worse; the measurement was wrong.
2026-08-07	break-alignment-anchor-average-unanimous.svg	GLYPHS-DIFFER	MISSING	PHANTOM floor, re-baselined 1541 -> 1444. BatchDriver never cleaned candidate/svg, so each of these rows was graded against a page an EARLIER run had produced, after the file itself had stopped producing one; the ratchet then reported no regression for the failure it exists to catch. First measurement against a clean directory 2026-08-07. Attribution is from the saved sweep logs, which record what each sweep PRODUCED and so do not depend on the directory: 23 stopped at LS-FIX2, 14 at Wave A, 59 at EPG22, and NONE was still producing in the most recent sweep. 78 of the stale pages held zero music glyphs. Causes now: 40 pre-existing parse errors, 29 ly:stencil-extent, 18 no-current-parser (a live defect this exposed), 10 other. Per-row evidence: ~/ClaudeHome/ANALYSIS_lilyport_harnessfix_phantom_rows_2026-08-07.tsv. The engine did not get worse; the measurement was wrong.
2026-08-07	chord-changes.svg	GLYPHS-DIFFER	MISSING	PHANTOM floor, re-baselined 1541 -> 1444. BatchDriver never cleaned candidate/svg, so each of these rows was graded against a page an EARLIER run had produced, after the file itself had stopped producing one; the ratchet then reported no regression for the failure it exists to catch. First measurement against a clean directory 2026-08-07. Attribution is from the saved sweep logs, which record what each sweep PRODUCED and so do not depend on the directory: 23 stopped at LS-FIX2, 14 at Wave A, 59 at EPG22, and NONE was still producing in the most recent sweep. 78 of the stale pages held zero music glyphs. Causes now: 40 pre-existing parse errors, 29 ly:stencil-extent, 18 no-current-parser (a live defect this exposed), 10 other. Per-row evidence: ~/ClaudeHome/ANALYSIS_lilyport_harnessfix_phantom_rows_2026-08-07.tsv. The engine did not get worse; the measurement was wrong.
2026-08-07	chord-dots.svg	GLYPHS-DIFFER	MISSING	PHANTOM floor, re-baselined 1541 -> 1444. BatchDriver never cleaned candidate/svg, so each of these rows was graded against a page an EARLIER run had produced, after the file itself had stopped producing one; the ratchet then reported no regression for the failure it exists to catch. First measurement against a clean directory 2026-08-07. Attribution is from the saved sweep logs, which record what each sweep PRODUCED and so do not depend on the directory: 23 stopped at LS-FIX2, 14 at Wave A, 59 at EPG22, and NONE was still producing in the most recent sweep. 78 of the stale pages held zero music glyphs. Causes now: 40 pre-existing parse errors, 29 ly:stencil-extent, 18 no-current-parser (a live defect this exposed), 10 other. Per-row evidence: ~/ClaudeHome/ANALYSIS_lilyport_harnessfix_phantom_rows_2026-08-07.tsv. The engine did not get worse; the measurement was wrong.
2026-08-07	chord-grid-additional-contexts.svg	GLYPHS-DIFFER	MISSING	PHANTOM floor, re-baselined 1541 -> 1444. BatchDriver never cleaned candidate/svg, so each of these rows was graded against a page an EARLIER run had produced, after the file itself had stopped producing one; the ratchet then reported no regression for the failure it exists to catch. First measurement against a clean directory 2026-08-07. Attribution is from the saved sweep logs, which record what each sweep PRODUCED and so do not depend on the directory: 23 stopped at LS-FIX2, 14 at Wave A, 59 at EPG22, and NONE was still producing in the most recent sweep. 78 of the stale pages held zero music glyphs. Causes now: 40 pre-existing parse errors, 29 ly:stencil-extent, 18 no-current-parser (a live defect this exposed), 10 other. Per-row evidence: ~/ClaudeHome/ANALYSIS_lilyport_harnessfix_phantom_rows_2026-08-07.tsv. The engine did not get worse; the measurement was wrong.
2026-08-07	chord-grid-bar-line-attachment.svg	GLYPHS-DIFFER	MISSING	PHANTOM floor, re-baselined 1541 -> 1444. BatchDriver never cleaned candidate/svg, so each of these rows was graded against a page an EARLIER run had produced, after the file itself had stopped producing one; the ratchet then reported no regression for the failure it exists to catch. First measurement against a clean directory 2026-08-07. Attribution is from the saved sweep logs, which record what each sweep PRODUCED and so do not depend on the directory: 23 stopped at LS-FIX2, 14 at Wave A, 59 at EPG22, and NONE was still producing in the most recent sweep. 78 of the stale pages held zero music glyphs. Causes now: 40 pre-existing parse errors, 29 ly:stencil-extent, 18 no-current-parser (a live defect this exposed), 10 other. Per-row evidence: ~/ClaudeHome/ANALYSIS_lilyport_harnessfix_phantom_rows_2026-08-07.tsv. The engine did not get worse; the measurement was wrong.
2026-08-07	chord-grid-marks.svg	GLYPHS-DIFFER	MISSING	PHANTOM floor, re-baselined 1541 -> 1444. BatchDriver never cleaned candidate/svg, so each of these rows was graded against a page an EARLIER run had produced, after the file itself had stopped producing one; the ratchet then reported no regression for the failure it exists to catch. First measurement against a clean directory 2026-08-07. Attribution is from the saved sweep logs, which record what each sweep PRODUCED and so do not depend on the directory: 23 stopped at LS-FIX2, 14 at Wave A, 59 at EPG22, and NONE was still producing in the most recent sweep. 78 of the stale pages held zero music glyphs. Causes now: 40 pre-existing parse errors, 29 ly:stencil-extent, 18 no-current-parser (a live defect this exposed), 10 other. Per-row evidence: ~/ClaudeHome/ANALYSIS_lilyport_harnessfix_phantom_rows_2026-08-07.tsv. The engine did not get worse; the measurement was wrong.
2026-08-07	chord-grid-parentheses.svg	GLYPHS-DIFFER	MISSING	PHANTOM floor, re-baselined 1541 -> 1444. BatchDriver never cleaned candidate/svg, so each of these rows was graded against a page an EARLIER run had produced, after the file itself had stopped producing one; the ratchet then reported no regression for the failure it exists to catch. First measurement against a clean directory 2026-08-07. Attribution is from the saved sweep logs, which record what each sweep PRODUCED and so do not depend on the directory: 23 stopped at LS-FIX2, 14 at Wave A, 59 at EPG22, and NONE was still producing in the most recent sweep. 78 of the stale pages held zero music glyphs. Causes now: 40 pre-existing parse errors, 29 ly:stencil-extent, 18 no-current-parser (a live defect this exposed), 10 other. Per-row evidence: ~/ClaudeHome/ANALYSIS_lilyport_harnessfix_phantom_rows_2026-08-07.tsv. The engine did not get worse; the measurement was wrong.
2026-08-07	chord-grid-rests.svg	GLYPHS-DIFFER	MISSING	PHANTOM floor, re-baselined 1541 -> 1444. BatchDriver never cleaned candidate/svg, so each of these rows was graded against a page an EARLIER run had produced, after the file itself had stopped producing one; the ratchet then reported no regression for the failure it exists to catch. First measurement against a clean directory 2026-08-07. Attribution is from the saved sweep logs, which record what each sweep PRODUCED and so do not depend on the directory: 23 stopped at LS-FIX2, 14 at Wave A, 59 at EPG22, and NONE was still producing in the most recent sweep. 78 of the stale pages held zero music glyphs. Causes now: 40 pre-existing parse errors, 29 ly:stencil-extent, 18 no-current-parser (a live defect this exposed), 10 other. Per-row evidence: ~/ClaudeHome/ANALYSIS_lilyport_harnessfix_phantom_rows_2026-08-07.tsv. The engine did not get worse; the measurement was wrong.
2026-08-07	chord-grid-skips.svg	GLYPHS-DIFFER	MISSING	PHANTOM floor, re-baselined 1541 -> 1444. BatchDriver never cleaned candidate/svg, so each of these rows was graded against a page an EARLIER run had produced, after the file itself had stopped producing one; the ratchet then reported no regression for the failure it exists to catch. First measurement against a clean directory 2026-08-07. Attribution is from the saved sweep logs, which record what each sweep PRODUCED and so do not depend on the directory: 23 stopped at LS-FIX2, 14 at Wave A, 59 at EPG22, and NONE was still producing in the most recent sweep. 78 of the stale pages held zero music glyphs. Causes now: 40 pre-existing parse errors, 29 ly:stencil-extent, 18 no-current-parser (a live defect this exposed), 10 other. Per-row evidence: ~/ClaudeHome/ANALYSIS_lilyport_harnessfix_phantom_rows_2026-08-07.tsv. The engine did not get worse; the measurement was wrong.
2026-08-07	chord-grid-staff-sizes.svg	GLYPHS-DIFFER	MISSING	PHANTOM floor, re-baselined 1541 -> 1444. BatchDriver never cleaned candidate/svg, so each of these rows was graded against a page an EARLIER run had produced, after the file itself had stopped producing one; the ratchet then reported no regression for the failure it exists to catch. First measurement against a clean directory 2026-08-07. Attribution is from the saved sweep logs, which record what each sweep PRODUCED and so do not depend on the directory: 23 stopped at LS-FIX2, 14 at Wave A, 59 at EPG22, and NONE was still producing in the most recent sweep. 78 of the stale pages held zero music glyphs. Causes now: 40 pre-existing parse errors, 29 ly:stencil-extent, 18 no-current-parser (a live defect this exposed), 10 other. Per-row evidence: ~/ClaudeHome/ANALYSIS_lilyport_harnessfix_phantom_rows_2026-08-07.tsv. The engine did not get worse; the measurement was wrong.
2026-08-07	chord-grid-stopstaff.svg	GLYPHS-DIFFER	MISSING	PHANTOM floor, re-baselined 1541 -> 1444. BatchDriver never cleaned candidate/svg, so each of these rows was graded against a page an EARLIER run had produced, after the file itself had stopped producing one; the ratchet then reported no regression for the failure it exists to catch. First measurement against a clean directory 2026-08-07. Attribution is from the saved sweep logs, which record what each sweep PRODUCED and so do not depend on the directory: 23 stopped at LS-FIX2, 14 at Wave A, 59 at EPG22, and NONE was still producing in the most recent sweep. 78 of the stale pages held zero music glyphs. Causes now: 40 pre-existing parse errors, 29 ly:stencil-extent, 18 no-current-parser (a live defect this exposed), 10 other. Per-row evidence: ~/ClaudeHome/ANALYSIS_lilyport_harnessfix_phantom_rows_2026-08-07.tsv. The engine did not get worse; the measurement was wrong.
2026-08-07	chord-grid-unterminated-measure.svg	GLYPHS-DIFFER	MISSING	PHANTOM floor, re-baselined 1541 -> 1444. BatchDriver never cleaned candidate/svg, so each of these rows was graded against a page an EARLIER run had produced, after the file itself had stopped producing one; the ratchet then reported no regression for the failure it exists to catch. First measurement against a clean directory 2026-08-07. Attribution is from the saved sweep logs, which record what each sweep PRODUCED and so do not depend on the directory: 23 stopped at LS-FIX2, 14 at Wave A, 59 at EPG22, and NONE was still producing in the most recent sweep. 78 of the stale pages held zero music glyphs. Causes now: 40 pre-existing parse errors, 29 ly:stencil-extent, 18 no-current-parser (a live defect this exposed), 10 other. Per-row evidence: ~/ClaudeHome/ANALYSIS_lilyport_harnessfix_phantom_rows_2026-08-07.tsv. The engine did not get worse; the measurement was wrong.
2026-08-07	coda-mark-begin-score-default.svg	GLYPHS-DIFFER	MISSING	PHANTOM floor, re-baselined 1541 -> 1444. BatchDriver never cleaned candidate/svg, so each of these rows was graded against a page an EARLIER run had produced, after the file itself had stopped producing one; the ratchet then reported no regression for the failure it exists to catch. First measurement against a clean directory 2026-08-07. Attribution is from the saved sweep logs, which record what each sweep PRODUCED and so do not depend on the directory: 23 stopped at LS-FIX2, 14 at Wave A, 59 at EPG22, and NONE was still producing in the most recent sweep. 78 of the stale pages held zero music glyphs. Causes now: 40 pre-existing parse errors, 29 ly:stencil-extent, 18 no-current-parser (a live defect this exposed), 10 other. Per-row evidence: ~/ClaudeHome/ANALYSIS_lilyport_harnessfix_phantom_rows_2026-08-07.tsv. The engine did not get worse; the measurement was wrong.
2026-08-07	coda-mark-begin-score-specific.svg	GLYPHS-DIFFER	MISSING	PHANTOM floor, re-baselined 1541 -> 1444. BatchDriver never cleaned candidate/svg, so each of these rows was graded against a page an EARLIER run had produced, after the file itself had stopped producing one; the ratchet then reported no regression for the failure it exists to catch. First measurement against a clean directory 2026-08-07. Attribution is from the saved sweep logs, which record what each sweep PRODUCED and so do not depend on the directory: 23 stopped at LS-FIX2, 14 at Wave A, 59 at EPG22, and NONE was still producing in the most recent sweep. 78 of the stale pages held zero music glyphs. Causes now: 40 pre-existing parse errors, 29 ly:stencil-extent, 18 no-current-parser (a live defect this exposed), 10 other. Per-row evidence: ~/ClaudeHome/ANALYSIS_lilyport_harnessfix_phantom_rows_2026-08-07.tsv. The engine did not get worse; the measurement was wrong.
2026-08-07	coda-mark-break.svg	GLYPHS-DIFFER	MISSING	PHANTOM floor, re-baselined 1541 -> 1444. BatchDriver never cleaned candidate/svg, so each of these rows was graded against a page an EARLIER run had produced, after the file itself had stopped producing one; the ratchet then reported no regression for the failure it exists to catch. First measurement against a clean directory 2026-08-07. Attribution is from the saved sweep logs, which record what each sweep PRODUCED and so do not depend on the directory: 23 stopped at LS-FIX2, 14 at Wave A, 59 at EPG22, and NONE was still producing in the most recent sweep. 78 of the stale pages held zero music glyphs. Causes now: 40 pre-existing parse errors, 29 ly:stencil-extent, 18 no-current-parser (a live defect this exposed), 10 other. Per-row evidence: ~/ClaudeHome/ANALYSIS_lilyport_harnessfix_phantom_rows_2026-08-07.tsv. The engine did not get worse; the measurement was wrong.
2026-08-07	coda-mark-formatters.svg	GLYPHS-DIFFER	MISSING	PHANTOM floor, re-baselined 1541 -> 1444. BatchDriver never cleaned candidate/svg, so each of these rows was graded against a page an EARLIER run had produced, after the file itself had stopped producing one; the ratchet then reported no regression for the failure it exists to catch. First measurement against a clean directory 2026-08-07. Attribution is from the saved sweep logs, which record what each sweep PRODUCED and so do not depend on the directory: 23 stopped at LS-FIX2, 14 at Wave A, 59 at EPG22, and NONE was still producing in the most recent sweep. 78 of the stale pages held zero music glyphs. Causes now: 40 pre-existing parse errors, 29 ly:stencil-extent, 18 no-current-parser (a live defect this exposed), 10 other. Per-row evidence: ~/ClaudeHome/ANALYSIS_lilyport_harnessfix_phantom_rows_2026-08-07.tsv. The engine did not get worse; the measurement was wrong.
2026-08-07	coda-mark-unaligned.svg	GLYPHS-DIFFER	MISSING	PHANTOM floor, re-baselined 1541 -> 1444. BatchDriver never cleaned candidate/svg, so each of these rows was graded against a page an EARLIER run had produced, after the file itself had stopped producing one; the ratchet then reported no regression for the failure it exists to catch. First measurement against a clean directory 2026-08-07. Attribution is from the saved sweep logs, which record what each sweep PRODUCED and so do not depend on the directory: 23 stopped at LS-FIX2, 14 at Wave A, 59 at EPG22, and NONE was still producing in the most recent sweep. 78 of the stale pages held zero music glyphs. Causes now: 40 pre-existing parse errors, 29 ly:stencil-extent, 18 no-current-parser (a live defect this exposed), 10 other. Per-row evidence: ~/ClaudeHome/ANALYSIS_lilyport_harnessfix_phantom_rows_2026-08-07.tsv. The engine did not get worse; the measurement was wrong.
2026-08-07	context-property-deprecated-scheme-get.svg	GLYPHS-DIFFER	MISSING	PHANTOM floor, re-baselined 1541 -> 1444. BatchDriver never cleaned candidate/svg, so each of these rows was graded against a page an EARLIER run had produced, after the file itself had stopped producing one; the ratchet then reported no regression for the failure it exists to catch. First measurement against a clean directory 2026-08-07. Attribution is from the saved sweep logs, which record what each sweep PRODUCED and so do not depend on the directory: 23 stopped at LS-FIX2, 14 at Wave A, 59 at EPG22, and NONE was still producing in the most recent sweep. 78 of the stale pages held zero music glyphs. Causes now: 40 pre-existing parse errors, 29 ly:stencil-extent, 18 no-current-parser (a live defect this exposed), 10 other. Per-row evidence: ~/ClaudeHome/ANALYSIS_lilyport_harnessfix_phantom_rows_2026-08-07.tsv. The engine did not get worse; the measurement was wrong.
2026-08-07	context-property-deprecated-scheme-where-defined.svg	GLYPHS-DIFFER	MISSING	PHANTOM floor, re-baselined 1541 -> 1444. BatchDriver never cleaned candidate/svg, so each of these rows was graded against a page an EARLIER run had produced, after the file itself had stopped producing one; the ratchet then reported no regression for the failure it exists to catch. First measurement against a clean directory 2026-08-07. Attribution is from the saved sweep logs, which record what each sweep PRODUCED and so do not depend on the directory: 23 stopped at LS-FIX2, 14 at Wave A, 59 at EPG22, and NONE was still producing in the most recent sweep. 78 of the stale pages held zero music glyphs. Causes now: 40 pre-existing parse errors, 29 ly:stencil-extent, 18 no-current-parser (a live defect this exposed), 10 other. Per-row evidence: ~/ClaudeHome/ANALYSIS_lilyport_harnessfix_phantom_rows_2026-08-07.tsv. The engine did not get worse; the measurement was wrong.
2026-08-07	duration-line-break-align-group.svg	GLYPHS-DIFFER	MISSING	PHANTOM floor, re-baselined 1541 -> 1444. BatchDriver never cleaned candidate/svg, so each of these rows was graded against a page an EARLIER run had produced, after the file itself had stopped producing one; the ratchet then reported no regression for the failure it exists to catch. First measurement against a clean directory 2026-08-07. Attribution is from the saved sweep logs, which record what each sweep PRODUCED and so do not depend on the directory: 23 stopped at LS-FIX2, 14 at Wave A, 59 at EPG22, and NONE was still producing in the most recent sweep. 78 of the stale pages held zero music glyphs. Causes now: 40 pre-existing parse errors, 29 ly:stencil-extent, 18 no-current-parser (a live defect this exposed), 10 other. Per-row evidence: ~/ClaudeHome/ANALYSIS_lilyport_harnessfix_phantom_rows_2026-08-07.tsv. The engine did not get worse; the measurement was wrong.
2026-08-07	duration-line-end-items.svg	GLYPHS-DIFFER	MISSING	PHANTOM floor, re-baselined 1541 -> 1444. BatchDriver never cleaned candidate/svg, so each of these rows was graded against a page an EARLIER run had produced, after the file itself had stopped producing one; the ratchet then reported no regression for the failure it exists to catch. First measurement against a clean directory 2026-08-07. Attribution is from the saved sweep logs, which record what each sweep PRODUCED and so do not depend on the directory: 23 stopped at LS-FIX2, 14 at Wave A, 59 at EPG22, and NONE was still producing in the most recent sweep. 78 of the stale pages held zero music glyphs. Causes now: 40 pre-existing parse errors, 29 ly:stencil-extent, 18 no-current-parser (a live defect this exposed), 10 other. Per-row evidence: ~/ClaudeHome/ANALYSIS_lilyport_harnessfix_phantom_rows_2026-08-07.tsv. The engine did not get worse; the measurement was wrong.
2026-08-07	duration-line-staff-change.svg	GLYPHS-DIFFER	MISSING	PHANTOM floor, re-baselined 1541 -> 1444. BatchDriver never cleaned candidate/svg, so each of these rows was graded against a page an EARLIER run had produced, after the file itself had stopped producing one; the ratchet then reported no regression for the failure it exists to catch. First measurement against a clean directory 2026-08-07. Attribution is from the saved sweep logs, which record what each sweep PRODUCED and so do not depend on the directory: 23 stopped at LS-FIX2, 14 at Wave A, 59 at EPG22, and NONE was still producing in the most recent sweep. 78 of the stale pages held zero music glyphs. Causes now: 40 pre-existing parse errors, 29 ly:stencil-extent, 18 no-current-parser (a live defect this exposed), 10 other. Per-row evidence: ~/ClaudeHome/ANALYSIS_lilyport_harnessfix_phantom_rows_2026-08-07.tsv. The engine did not get worse; the measurement was wrong.
2026-08-07	duration-line-thickness-staff-sizes.svg	GLYPHS-DIFFER	MISSING	PHANTOM floor, re-baselined 1541 -> 1444. BatchDriver never cleaned candidate/svg, so each of these rows was graded against a page an EARLIER run had produced, after the file itself had stopped producing one; the ratchet then reported no regression for the failure it exists to catch. First measurement against a clean directory 2026-08-07. Attribution is from the saved sweep logs, which record what each sweep PRODUCED and so do not depend on the directory: 23 stopped at LS-FIX2, 14 at Wave A, 59 at EPG22, and NONE was still producing in the most recent sweep. 78 of the stale pages held zero music glyphs. Causes now: 40 pre-existing parse errors, 29 ly:stencil-extent, 18 no-current-parser (a live defect this exposed), 10 other. Per-row evidence: ~/ClaudeHome/ANALYSIS_lilyport_harnessfix_phantom_rows_2026-08-07.tsv. The engine did not get worse; the measurement was wrong.
2026-08-07	duration-line-tie.svg	GLYPHS-DIFFER	MISSING	PHANTOM floor, re-baselined 1541 -> 1444. BatchDriver never cleaned candidate/svg, so each of these rows was graded against a page an EARLIER run had produced, after the file itself had stopped producing one; the ratchet then reported no regression for the failure it exists to catch. First measurement against a clean directory 2026-08-07. Attribution is from the saved sweep logs, which record what each sweep PRODUCED and so do not depend on the directory: 23 stopped at LS-FIX2, 14 at Wave A, 59 at EPG22, and NONE was still producing in the most recent sweep. 78 of the stale pages held zero music glyphs. Causes now: 40 pre-existing parse errors, 29 ly:stencil-extent, 18 no-current-parser (a live defect this exposed), 10 other. Per-row evidence: ~/ClaudeHome/ANALYSIS_lilyport_harnessfix_phantom_rows_2026-08-07.tsv. The engine did not get worse; the measurement was wrong.
2026-08-07	dynamics-hairpin-endpoint-alignment.svg	GLYPHS-DIFFER	MISSING	PHANTOM floor, re-baselined 1541 -> 1444. BatchDriver never cleaned candidate/svg, so each of these rows was graded against a page an EARLIER run had produced, after the file itself had stopped producing one; the ratchet then reported no regression for the failure it exists to catch. First measurement against a clean directory 2026-08-07. Attribution is from the saved sweep logs, which record what each sweep PRODUCED and so do not depend on the directory: 23 stopped at LS-FIX2, 14 at Wave A, 59 at EPG22, and NONE was still producing in the most recent sweep. 78 of the stale pages held zero music glyphs. Causes now: 40 pre-existing parse errors, 29 ly:stencil-extent, 18 no-current-parser (a live defect this exposed), 10 other. Per-row evidence: ~/ClaudeHome/ANALYSIS_lilyport_harnessfix_phantom_rows_2026-08-07.tsv. The engine did not get worse; the measurement was wrong.
2026-08-07	episema.svg	GLYPHS-DIFFER	MISSING	PHANTOM floor, re-baselined 1541 -> 1444. BatchDriver never cleaned candidate/svg, so each of these rows was graded against a page an EARLIER run had produced, after the file itself had stopped producing one; the ratchet then reported no regression for the failure it exists to catch. First measurement against a clean directory 2026-08-07. Attribution is from the saved sweep logs, which record what each sweep PRODUCED and so do not depend on the directory: 23 stopped at LS-FIX2, 14 at Wave A, 59 at EPG22, and NONE was still producing in the most recent sweep. 78 of the stale pages held zero music glyphs. Causes now: 40 pre-existing parse errors, 29 ly:stencil-extent, 18 no-current-parser (a live defect this exposed), 10 other. Per-row evidence: ~/ClaudeHome/ANALYSIS_lilyport_harnessfix_phantom_rows_2026-08-07.tsv. The engine did not get worse; the measurement was wrong.
2026-08-07	event-listener-output.svg	GLYPHS-DIFFER	MISSING	PHANTOM floor, re-baselined 1541 -> 1444. BatchDriver never cleaned candidate/svg, so each of these rows was graded against a page an EARLIER run had produced, after the file itself had stopped producing one; the ratchet then reported no regression for the failure it exists to catch. First measurement against a clean directory 2026-08-07. Attribution is from the saved sweep logs, which record what each sweep PRODUCED and so do not depend on the directory: 23 stopped at LS-FIX2, 14 at Wave A, 59 at EPG22, and NONE was still producing in the most recent sweep. 78 of the stale pages held zero music glyphs. Causes now: 40 pre-existing parse errors, 29 ly:stencil-extent, 18 no-current-parser (a live defect this exposed), 10 other. Per-row evidence: ~/ClaudeHome/ANALYSIS_lilyport_harnessfix_phantom_rows_2026-08-07.tsv. The engine did not get worse; the measurement was wrong.
2026-08-07	fermata-dot-position.svg	GLYPHS-DIFFER	MISSING	PHANTOM floor, re-baselined 1541 -> 1444. BatchDriver never cleaned candidate/svg, so each of these rows was graded against a page an EARLIER run had produced, after the file itself had stopped producing one; the ratchet then reported no regression for the failure it exists to catch. First measurement against a clean directory 2026-08-07. Attribution is from the saved sweep logs, which record what each sweep PRODUCED and so do not depend on the directory: 23 stopped at LS-FIX2, 14 at Wave A, 59 at EPG22, and NONE was still producing in the most recent sweep. 78 of the stale pages held zero music glyphs. Causes now: 40 pre-existing parse errors, 29 ly:stencil-extent, 18 no-current-parser (a live defect this exposed), 10 other. Per-row evidence: ~/ClaudeHome/ANALYSIS_lilyport_harnessfix_phantom_rows_2026-08-07.tsv. The engine did not get worse; the measurement was wrong.
2026-08-07	magnifyStaff-time-signature.svg	GLYPHS-DIFFER	MISSING	PHANTOM floor, re-baselined 1541 -> 1444. BatchDriver never cleaned candidate/svg, so each of these rows was graded against a page an EARLIER run had produced, after the file itself had stopped producing one; the ratchet then reported no regression for the failure it exists to catch. First measurement against a clean directory 2026-08-07. Attribution is from the saved sweep logs, which record what each sweep PRODUCED and so do not depend on the directory: 23 stopped at LS-FIX2, 14 at Wave A, 59 at EPG22, and NONE was still producing in the most recent sweep. 78 of the stale pages held zero music glyphs. Causes now: 40 pre-existing parse errors, 29 ly:stencil-extent, 18 no-current-parser (a live defect this exposed), 10 other. Per-row evidence: ~/ClaudeHome/ANALYSIS_lilyport_harnessfix_phantom_rows_2026-08-07.tsv. The engine did not get worse; the measurement was wrong.
2026-08-07	mark-tracking-conflict-ad-hoc-mark.svg	GLYPHS-DIFFER	MISSING	PHANTOM floor, re-baselined 1541 -> 1444. BatchDriver never cleaned candidate/svg, so each of these rows was graded against a page an EARLIER run had produced, after the file itself had stopped producing one; the ratchet then reported no regression for the failure it exists to catch. First measurement against a clean directory 2026-08-07. Attribution is from the saved sweep logs, which record what each sweep PRODUCED and so do not depend on the directory: 23 stopped at LS-FIX2, 14 at Wave A, 59 at EPG22, and NONE was still producing in the most recent sweep. 78 of the stale pages held zero music glyphs. Causes now: 40 pre-existing parse errors, 29 ly:stencil-extent, 18 no-current-parser (a live defect this exposed), 10 other. Per-row evidence: ~/ClaudeHome/ANALYSIS_lilyport_harnessfix_phantom_rows_2026-08-07.tsv. The engine did not get worse; the measurement was wrong.
2026-08-07	mark-tracking-conflict-default-coda-mark.svg	GLYPHS-DIFFER	MISSING	PHANTOM floor, re-baselined 1541 -> 1444. BatchDriver never cleaned candidate/svg, so each of these rows was graded against a page an EARLIER run had produced, after the file itself had stopped producing one; the ratchet then reported no regression for the failure it exists to catch. First measurement against a clean directory 2026-08-07. Attribution is from the saved sweep logs, which record what each sweep PRODUCED and so do not depend on the directory: 23 stopped at LS-FIX2, 14 at Wave A, 59 at EPG22, and NONE was still producing in the most recent sweep. 78 of the stale pages held zero music glyphs. Causes now: 40 pre-existing parse errors, 29 ly:stencil-extent, 18 no-current-parser (a live defect this exposed), 10 other. Per-row evidence: ~/ClaudeHome/ANALYSIS_lilyport_harnessfix_phantom_rows_2026-08-07.tsv. The engine did not get worse; the measurement was wrong.
2026-08-07	mark-tracking-conflict-default-rehearsal-mark.svg	GLYPHS-DIFFER	MISSING	PHANTOM floor, re-baselined 1541 -> 1444. BatchDriver never cleaned candidate/svg, so each of these rows was graded against a page an EARLIER run had produced, after the file itself had stopped producing one; the ratchet then reported no regression for the failure it exists to catch. First measurement against a clean directory 2026-08-07. Attribution is from the saved sweep logs, which record what each sweep PRODUCED and so do not depend on the directory: 23 stopped at LS-FIX2, 14 at Wave A, 59 at EPG22, and NONE was still producing in the most recent sweep. 78 of the stale pages held zero music glyphs. Causes now: 40 pre-existing parse errors, 29 ly:stencil-extent, 18 no-current-parser (a live defect this exposed), 10 other. Per-row evidence: ~/ClaudeHome/ANALYSIS_lilyport_harnessfix_phantom_rows_2026-08-07.tsv. The engine did not get worse; the measurement was wrong.
2026-08-07	mark-tracking-conflict-default-segno-mark.svg	GLYPHS-DIFFER	MISSING	PHANTOM floor, re-baselined 1541 -> 1444. BatchDriver never cleaned candidate/svg, so each of these rows was graded against a page an EARLIER run had produced, after the file itself had stopped producing one; the ratchet then reported no regression for the failure it exists to catch. First measurement against a clean directory 2026-08-07. Attribution is from the saved sweep logs, which record what each sweep PRODUCED and so do not depend on the directory: 23 stopped at LS-FIX2, 14 at Wave A, 59 at EPG22, and NONE was still producing in the most recent sweep. 78 of the stale pages held zero music glyphs. Causes now: 40 pre-existing parse errors, 29 ly:stencil-extent, 18 no-current-parser (a live defect this exposed), 10 other. Per-row evidence: ~/ClaudeHome/ANALYSIS_lilyport_harnessfix_phantom_rows_2026-08-07.tsv. The engine did not get worse; the measurement was wrong.
2026-08-07	mark-tracking-conflict-specific-coda-mark.svg	GLYPHS-DIFFER	MISSING	PHANTOM floor, re-baselined 1541 -> 1444. BatchDriver never cleaned candidate/svg, so each of these rows was graded against a page an EARLIER run had produced, after the file itself had stopped producing one; the ratchet then reported no regression for the failure it exists to catch. First measurement against a clean directory 2026-08-07. Attribution is from the saved sweep logs, which record what each sweep PRODUCED and so do not depend on the directory: 23 stopped at LS-FIX2, 14 at Wave A, 59 at EPG22, and NONE was still producing in the most recent sweep. 78 of the stale pages held zero music glyphs. Causes now: 40 pre-existing parse errors, 29 ly:stencil-extent, 18 no-current-parser (a live defect this exposed), 10 other. Per-row evidence: ~/ClaudeHome/ANALYSIS_lilyport_harnessfix_phantom_rows_2026-08-07.tsv. The engine did not get worse; the measurement was wrong.
2026-08-07	mark-tracking-conflict-specific-rehearsal-mark.svg	GLYPHS-DIFFER	MISSING	PHANTOM floor, re-baselined 1541 -> 1444. BatchDriver never cleaned candidate/svg, so each of these rows was graded against a page an EARLIER run had produced, after the file itself had stopped producing one; the ratchet then reported no regression for the failure it exists to catch. First measurement against a clean directory 2026-08-07. Attribution is from the saved sweep logs, which record what each sweep PRODUCED and so do not depend on the directory: 23 stopped at LS-FIX2, 14 at Wave A, 59 at EPG22, and NONE was still producing in the most recent sweep. 78 of the stale pages held zero music glyphs. Causes now: 40 pre-existing parse errors, 29 ly:stencil-extent, 18 no-current-parser (a live defect this exposed), 10 other. Per-row evidence: ~/ClaudeHome/ANALYSIS_lilyport_harnessfix_phantom_rows_2026-08-07.tsv. The engine did not get worse; the measurement was wrong.
2026-08-07	mark-tracking-conflict-specific-segno-mark.svg	GLYPHS-DIFFER	MISSING	PHANTOM floor, re-baselined 1541 -> 1444. BatchDriver never cleaned candidate/svg, so each of these rows was graded against a page an EARLIER run had produced, after the file itself had stopped producing one; the ratchet then reported no regression for the failure it exists to catch. First measurement against a clean directory 2026-08-07. Attribution is from the saved sweep logs, which record what each sweep PRODUCED and so do not depend on the directory: 23 stopped at LS-FIX2, 14 at Wave A, 59 at EPG22, and NONE was still producing in the most recent sweep. 78 of the stale pages held zero music glyphs. Causes now: 40 pre-existing parse errors, 29 ly:stencil-extent, 18 no-current-parser (a live defect this exposed), 10 other. Per-row evidence: ~/ClaudeHome/ANALYSIS_lilyport_harnessfix_phantom_rows_2026-08-07.tsv. The engine did not get worse; the measurement was wrong.
2026-08-07	markup-rhythm-ragged.svg	GLYPHS-DIFFER	MISSING	PHANTOM floor, re-baselined 1541 -> 1444. BatchDriver never cleaned candidate/svg, so each of these rows was graded against a page an EARLIER run had produced, after the file itself had stopped producing one; the ratchet then reported no regression for the failure it exists to catch. First measurement against a clean directory 2026-08-07. Attribution is from the saved sweep logs, which record what each sweep PRODUCED and so do not depend on the directory: 23 stopped at LS-FIX2, 14 at Wave A, 59 at EPG22, and NONE was still producing in the most recent sweep. 78 of the stale pages held zero music glyphs. Causes now: 40 pre-existing parse errors, 29 ly:stencil-extent, 18 no-current-parser (a live defect this exposed), 10 other. Per-row evidence: ~/ClaudeHome/ANALYSIS_lilyport_harnessfix_phantom_rows_2026-08-07.tsv. The engine did not get worse; the measurement was wrong.
2026-08-07	measure-counter-compressed-mmrest.svg	GLYPHS-DIFFER	MISSING	PHANTOM floor, re-baselined 1541 -> 1444. BatchDriver never cleaned candidate/svg, so each of these rows was graded against a page an EARLIER run had produced, after the file itself had stopped producing one; the ratchet then reported no regression for the failure it exists to catch. First measurement against a clean directory 2026-08-07. Attribution is from the saved sweep logs, which record what each sweep PRODUCED and so do not depend on the directory: 23 stopped at LS-FIX2, 14 at Wave A, 59 at EPG22, and NONE was still producing in the most recent sweep. 78 of the stale pages held zero music glyphs. Causes now: 40 pre-existing parse errors, 29 ly:stencil-extent, 18 no-current-parser (a live defect this exposed), 10 other. Per-row evidence: ~/ClaudeHome/ANALYSIS_lilyport_harnessfix_phantom_rows_2026-08-07.tsv. The engine did not get worse; the measurement was wrong.
2026-08-07	mensural-ligatures-invalid.svg	GLYPHS-DIFFER	MISSING	PHANTOM floor, re-baselined 1541 -> 1444. BatchDriver never cleaned candidate/svg, so each of these rows was graded against a page an EARLIER run had produced, after the file itself had stopped producing one; the ratchet then reported no regression for the failure it exists to catch. First measurement against a clean directory 2026-08-07. Attribution is from the saved sweep logs, which record what each sweep PRODUCED and so do not depend on the directory: 23 stopped at LS-FIX2, 14 at Wave A, 59 at EPG22, and NONE was still producing in the most recent sweep. 78 of the stale pages held zero music glyphs. Causes now: 40 pre-existing parse errors, 29 ly:stencil-extent, 18 no-current-parser (a live defect this exposed), 10 other. Per-row evidence: ~/ClaudeHome/ANALYSIS_lilyport_harnessfix_phantom_rows_2026-08-07.tsv. The engine did not get worse; the measurement was wrong.
2026-08-07	mensural-ligatures.svg	GLYPHS-DIFFER	MISSING	PHANTOM floor, re-baselined 1541 -> 1444. BatchDriver never cleaned candidate/svg, so each of these rows was graded against a page an EARLIER run had produced, after the file itself had stopped producing one; the ratchet then reported no regression for the failure it exists to catch. First measurement against a clean directory 2026-08-07. Attribution is from the saved sweep logs, which record what each sweep PRODUCED and so do not depend on the directory: 23 stopped at LS-FIX2, 14 at Wave A, 59 at EPG22, and NONE was still producing in the most recent sweep. 78 of the stale pages held zero music glyphs. Causes now: 40 pre-existing parse errors, 29 ly:stencil-extent, 18 no-current-parser (a live defect this exposed), 10 other. Per-row evidence: ~/ClaudeHome/ANALYSIS_lilyport_harnessfix_phantom_rows_2026-08-07.tsv. The engine did not get worse; the measurement was wrong.
2026-08-07	metronome-mark-broken-bound.svg	GLYPHS-DIFFER	MISSING	PHANTOM floor, re-baselined 1541 -> 1444. BatchDriver never cleaned candidate/svg, so each of these rows was graded against a page an EARLIER run had produced, after the file itself had stopped producing one; the ratchet then reported no regression for the failure it exists to catch. First measurement against a clean directory 2026-08-07. Attribution is from the saved sweep logs, which record what each sweep PRODUCED and so do not depend on the directory: 23 stopped at LS-FIX2, 14 at Wave A, 59 at EPG22, and NONE was still producing in the most recent sweep. 78 of the stale pages held zero music glyphs. Causes now: 40 pre-existing parse errors, 29 ly:stencil-extent, 18 no-current-parser (a live defect this exposed), 10 other. Per-row evidence: ~/ClaudeHome/ANALYSIS_lilyport_harnessfix_phantom_rows_2026-08-07.tsv. The engine did not get worse; the measurement was wrong.
2026-08-07	metronome-mark-formatter.svg	GLYPHS-DIFFER	MISSING	PHANTOM floor, re-baselined 1541 -> 1444. BatchDriver never cleaned candidate/svg, so each of these rows was graded against a page an EARLIER run had produced, after the file itself had stopped producing one; the ratchet then reported no regression for the failure it exists to catch. First measurement against a clean directory 2026-08-07. Attribution is from the saved sweep logs, which record what each sweep PRODUCED and so do not depend on the directory: 23 stopped at LS-FIX2, 14 at Wave A, 59 at EPG22, and NONE was still producing in the most recent sweep. 78 of the stale pages held zero music glyphs. Causes now: 40 pre-existing parse errors, 29 ly:stencil-extent, 18 no-current-parser (a live defect this exposed), 10 other. Per-row evidence: ~/ClaudeHome/ANALYSIS_lilyport_harnessfix_phantom_rows_2026-08-07.tsv. The engine did not get worse; the measurement was wrong.
2026-08-07	metronome-mark-loose-column.svg	GLYPHS-DIFFER	MISSING	PHANTOM floor, re-baselined 1541 -> 1444. BatchDriver never cleaned candidate/svg, so each of these rows was graded against a page an EARLIER run had produced, after the file itself had stopped producing one; the ratchet then reported no regression for the failure it exists to catch. First measurement against a clean directory 2026-08-07. Attribution is from the saved sweep logs, which record what each sweep PRODUCED and so do not depend on the directory: 23 stopped at LS-FIX2, 14 at Wave A, 59 at EPG22, and NONE was still producing in the most recent sweep. 78 of the stale pages held zero music glyphs. Causes now: 40 pre-existing parse errors, 29 ly:stencil-extent, 18 no-current-parser (a live defect this exposed), 10 other. Per-row evidence: ~/ClaudeHome/ANALYSIS_lilyport_harnessfix_phantom_rows_2026-08-07.tsv. The engine did not get worse; the measurement was wrong.
2026-08-07	metronome-marking-fractional.svg	GLYPHS-DIFFER	MISSING	PHANTOM floor, re-baselined 1541 -> 1444. BatchDriver never cleaned candidate/svg, so each of these rows was graded against a page an EARLIER run had produced, after the file itself had stopped producing one; the ratchet then reported no regression for the failure it exists to catch. First measurement against a clean directory 2026-08-07. Attribution is from the saved sweep logs, which record what each sweep PRODUCED and so do not depend on the directory: 23 stopped at LS-FIX2, 14 at Wave A, 59 at EPG22, and NONE was still producing in the most recent sweep. 78 of the stale pages held zero music glyphs. Causes now: 40 pre-existing parse errors, 29 ly:stencil-extent, 18 no-current-parser (a live defect this exposed), 10 other. Per-row evidence: ~/ClaudeHome/ANALYSIS_lilyport_harnessfix_phantom_rows_2026-08-07.tsv. The engine did not get worse; the measurement was wrong.
2026-08-07	metronome-marking-staff-group-context.svg	GLYPHS-DIFFER	MISSING	PHANTOM floor, re-baselined 1541 -> 1444. BatchDriver never cleaned candidate/svg, so each of these rows was graded against a page an EARLIER run had produced, after the file itself had stopped producing one; the ratchet then reported no regression for the failure it exists to catch. First measurement against a clean directory 2026-08-07. Attribution is from the saved sweep logs, which record what each sweep PRODUCED and so do not depend on the directory: 23 stopped at LS-FIX2, 14 at Wave A, 59 at EPG22, and NONE was still producing in the most recent sweep. 78 of the stale pages held zero music glyphs. Causes now: 40 pre-existing parse errors, 29 ly:stencil-extent, 18 no-current-parser (a live defect this exposed), 10 other. Per-row evidence: ~/ClaudeHome/ANALYSIS_lilyport_harnessfix_phantom_rows_2026-08-07.tsv. The engine did not get worse; the measurement was wrong.
2026-08-07	metronome-marking.svg	GLYPHS-DIFFER	MISSING	PHANTOM floor, re-baselined 1541 -> 1444. BatchDriver never cleaned candidate/svg, so each of these rows was graded against a page an EARLIER run had produced, after the file itself had stopped producing one; the ratchet then reported no regression for the failure it exists to catch. First measurement against a clean directory 2026-08-07. Attribution is from the saved sweep logs, which record what each sweep PRODUCED and so do not depend on the directory: 23 stopped at LS-FIX2, 14 at Wave A, 59 at EPG22, and NONE was still producing in the most recent sweep. 78 of the stale pages held zero music glyphs. Causes now: 40 pre-existing parse errors, 29 ly:stencil-extent, 18 no-current-parser (a live defect this exposed), 10 other. Per-row evidence: ~/ClaudeHome/ANALYSIS_lilyport_harnessfix_phantom_rows_2026-08-07.tsv. The engine did not get worse; the measurement was wrong.
2026-08-07	metronome-multimeasure-rest-no-segfault.svg	GLYPHS-DIFFER	MISSING	PHANTOM floor, re-baselined 1541 -> 1444. BatchDriver never cleaned candidate/svg, so each of these rows was graded against a page an EARLIER run had produced, after the file itself had stopped producing one; the ratchet then reported no regression for the failure it exists to catch. First measurement against a clean directory 2026-08-07. Attribution is from the saved sweep logs, which record what each sweep PRODUCED and so do not depend on the directory: 23 stopped at LS-FIX2, 14 at Wave A, 59 at EPG22, and NONE was still producing in the most recent sweep. 78 of the stale pages held zero music glyphs. Causes now: 40 pre-existing parse errors, 29 ly:stencil-extent, 18 no-current-parser (a live defect this exposed), 10 other. Per-row evidence: ~/ClaudeHome/ANALYSIS_lilyport_harnessfix_phantom_rows_2026-08-07.tsv. The engine did not get worse; the measurement was wrong.
2026-08-07	metronome-parenthesized.svg	GLYPHS-DIFFER	MISSING	PHANTOM floor, re-baselined 1541 -> 1444. BatchDriver never cleaned candidate/svg, so each of these rows was graded against a page an EARLIER run had produced, after the file itself had stopped producing one; the ratchet then reported no regression for the failure it exists to catch. First measurement against a clean directory 2026-08-07. Attribution is from the saved sweep logs, which record what each sweep PRODUCED and so do not depend on the directory: 23 stopped at LS-FIX2, 14 at Wave A, 59 at EPG22, and NONE was still producing in the most recent sweep. 78 of the stale pages held zero music glyphs. Causes now: 40 pre-existing parse errors, 29 ly:stencil-extent, 18 no-current-parser (a live defect this exposed), 10 other. Per-row evidence: ~/ClaudeHome/ANALYSIS_lilyport_harnessfix_phantom_rows_2026-08-07.tsv. The engine did not get worse; the measurement was wrong.
2026-08-07	metronome-precision.svg	GLYPHS-DIFFER	MISSING	PHANTOM floor, re-baselined 1541 -> 1444. BatchDriver never cleaned candidate/svg, so each of these rows was graded against a page an EARLIER run had produced, after the file itself had stopped producing one; the ratchet then reported no regression for the failure it exists to catch. First measurement against a clean directory 2026-08-07. Attribution is from the saved sweep logs, which record what each sweep PRODUCED and so do not depend on the directory: 23 stopped at LS-FIX2, 14 at Wave A, 59 at EPG22, and NONE was still producing in the most recent sweep. 78 of the stale pages held zero music glyphs. Causes now: 40 pre-existing parse errors, 29 ly:stencil-extent, 18 no-current-parser (a live defect this exposed), 10 other. Per-row evidence: ~/ClaudeHome/ANALYSIS_lilyport_harnessfix_phantom_rows_2026-08-07.tsv. The engine did not get worse; the measurement was wrong.
2026-08-07	metronome-range.svg	GLYPHS-DIFFER	MISSING	PHANTOM floor, re-baselined 1541 -> 1444. BatchDriver never cleaned candidate/svg, so each of these rows was graded against a page an EARLIER run had produced, after the file itself had stopped producing one; the ratchet then reported no regression for the failure it exists to catch. First measurement against a clean directory 2026-08-07. Attribution is from the saved sweep logs, which record what each sweep PRODUCED and so do not depend on the directory: 23 stopped at LS-FIX2, 14 at Wave A, 59 at EPG22, and NONE was still producing in the most recent sweep. 78 of the stale pages held zero music glyphs. Causes now: 40 pre-existing parse errors, 29 ly:stencil-extent, 18 no-current-parser (a live defect this exposed), 10 other. Per-row evidence: ~/ClaudeHome/ANALYSIS_lilyport_harnessfix_phantom_rows_2026-08-07.tsv. The engine did not get worse; the measurement was wrong.
2026-08-07	metronome-text.svg	GLYPHS-DIFFER	MISSING	PHANTOM floor, re-baselined 1541 -> 1444. BatchDriver never cleaned candidate/svg, so each of these rows was graded against a page an EARLIER run had produced, after the file itself had stopped producing one; the ratchet then reported no regression for the failure it exists to catch. First measurement against a clean directory 2026-08-07. Attribution is from the saved sweep logs, which record what each sweep PRODUCED and so do not depend on the directory: 23 stopped at LS-FIX2, 14 at Wave A, 59 at EPG22, and NONE was still producing in the most recent sweep. 78 of the stale pages held zero music glyphs. Causes now: 40 pre-existing parse errors, 29 ly:stencil-extent, 18 no-current-parser (a live defect this exposed), 10 other. Per-row evidence: ~/ClaudeHome/ANALYSIS_lilyport_harnessfix_phantom_rows_2026-08-07.tsv. The engine did not get worse; the measurement was wrong.
2026-08-07	non-arpeggiato-at-right.svg	GLYPHS-DIFFER	MISSING	PHANTOM floor, re-baselined 1541 -> 1444. BatchDriver never cleaned candidate/svg, so each of these rows was graded against a page an EARLIER run had produced, after the file itself had stopped producing one; the ratchet then reported no regression for the failure it exists to catch. First measurement against a clean directory 2026-08-07. Attribution is from the saved sweep logs, which record what each sweep PRODUCED and so do not depend on the directory: 23 stopped at LS-FIX2, 14 at Wave A, 59 at EPG22, and NONE was still producing in the most recent sweep. 78 of the stale pages held zero music glyphs. Causes now: 40 pre-existing parse errors, 29 ly:stencil-extent, 18 no-current-parser (a live defect this exposed), 10 other. Per-row evidence: ~/ClaudeHome/ANALYSIS_lilyport_harnessfix_phantom_rows_2026-08-07.tsv. The engine did not get worse; the measurement was wrong.
2026-08-07	non-arpeggiato-span-collision.svg	GLYPHS-DIFFER	MISSING	PHANTOM floor, re-baselined 1541 -> 1444. BatchDriver never cleaned candidate/svg, so each of these rows was graded against a page an EARLIER run had produced, after the file itself had stopped producing one; the ratchet then reported no regression for the failure it exists to catch. First measurement against a clean directory 2026-08-07. Attribution is from the saved sweep logs, which record what each sweep PRODUCED and so do not depend on the directory: 23 stopped at LS-FIX2, 14 at Wave A, 59 at EPG22, and NONE was still producing in the most recent sweep. 78 of the stale pages held zero music glyphs. Causes now: 40 pre-existing parse errors, 29 ly:stencil-extent, 18 no-current-parser (a live defect this exposed), 10 other. Per-row evidence: ~/ClaudeHome/ANALYSIS_lilyport_harnessfix_phantom_rows_2026-08-07.tsv. The engine did not get worse; the measurement was wrong.
2026-08-07	note-head-glyph.svg	GLYPHS-DIFFER	MISSING	PHANTOM floor, re-baselined 1541 -> 1444. BatchDriver never cleaned candidate/svg, so each of these rows was graded against a page an EARLIER run had produced, after the file itself had stopped producing one; the ratchet then reported no regression for the failure it exists to catch. First measurement against a clean directory 2026-08-07. Attribution is from the saved sweep logs, which record what each sweep PRODUCED and so do not depend on the directory: 23 stopped at LS-FIX2, 14 at Wave A, 59 at EPG22, and NONE was still producing in the most recent sweep. 78 of the stale pages held zero music glyphs. Causes now: 40 pre-existing parse errors, 29 ly:stencil-extent, 18 no-current-parser (a live defect this exposed), 10 other. Per-row evidence: ~/ClaudeHome/ANALYSIS_lilyport_harnessfix_phantom_rows_2026-08-07.tsv. The engine did not get worse; the measurement was wrong.
2026-08-07	optional-material-bar.svg	GLYPHS-DIFFER	MISSING	PHANTOM floor, re-baselined 1541 -> 1444. BatchDriver never cleaned candidate/svg, so each of these rows was graded against a page an EARLIER run had produced, after the file itself had stopped producing one; the ratchet then reported no regression for the failure it exists to catch. First measurement against a clean directory 2026-08-07. Attribution is from the saved sweep logs, which record what each sweep PRODUCED and so do not depend on the directory: 23 stopped at LS-FIX2, 14 at Wave A, 59 at EPG22, and NONE was still producing in the most recent sweep. 78 of the stale pages held zero music glyphs. Causes now: 40 pre-existing parse errors, 29 ly:stencil-extent, 18 no-current-parser (a live defect this exposed), 10 other. Per-row evidence: ~/ClaudeHome/ANALYSIS_lilyport_harnessfix_phantom_rows_2026-08-07.tsv. The engine did not get worse; the measurement was wrong.
2026-08-07	ottava-double-percent-repeat-note.svg	GLYPHS-DIFFER	MISSING	PHANTOM floor, re-baselined 1541 -> 1444. BatchDriver never cleaned candidate/svg, so each of these rows was graded against a page an EARLIER run had produced, after the file itself had stopped producing one; the ratchet then reported no regression for the failure it exists to catch. First measurement against a clean directory 2026-08-07. Attribution is from the saved sweep logs, which record what each sweep PRODUCED and so do not depend on the directory: 23 stopped at LS-FIX2, 14 at Wave A, 59 at EPG22, and NONE was still producing in the most recent sweep. 78 of the stale pages held zero music glyphs. Causes now: 40 pre-existing parse errors, 29 ly:stencil-extent, 18 no-current-parser (a live defect this exposed), 10 other. Per-row evidence: ~/ClaudeHome/ANALYSIS_lilyport_harnessfix_phantom_rows_2026-08-07.tsv. The engine did not get worse; the measurement was wrong.
2026-08-07	ottava-percent-repeat-note.svg	GLYPHS-DIFFER	MISSING	PHANTOM floor, re-baselined 1541 -> 1444. BatchDriver never cleaned candidate/svg, so each of these rows was graded against a page an EARLIER run had produced, after the file itself had stopped producing one; the ratchet then reported no regression for the failure it exists to catch. First measurement against a clean directory 2026-08-07. Attribution is from the saved sweep logs, which record what each sweep PRODUCED and so do not depend on the directory: 23 stopped at LS-FIX2, 14 at Wave A, 59 at EPG22, and NONE was still producing in the most recent sweep. 78 of the stale pages held zero music glyphs. Causes now: 40 pre-existing parse errors, 29 ly:stencil-extent, 18 no-current-parser (a live defect this exposed), 10 other. Per-row evidence: ~/ClaudeHome/ANALYSIS_lilyport_harnessfix_phantom_rows_2026-08-07.tsv. The engine did not get worse; the measurement was wrong.
2026-08-07	ottava-trill.svg	GLYPHS-DIFFER	MISSING	PHANTOM floor, re-baselined 1541 -> 1444. BatchDriver never cleaned candidate/svg, so each of these rows was graded against a page an EARLIER run had produced, after the file itself had stopped producing one; the ratchet then reported no regression for the failure it exists to catch. First measurement against a clean directory 2026-08-07. Attribution is from the saved sweep logs, which record what each sweep PRODUCED and so do not depend on the directory: 23 stopped at LS-FIX2, 14 at Wave A, 59 at EPG22, and NONE was still producing in the most recent sweep. 78 of the stale pages held zero music glyphs. Causes now: 40 pre-existing parse errors, 29 ly:stencil-extent, 18 no-current-parser (a live defect this exposed), 10 other. Per-row evidence: ~/ClaudeHome/ANALYSIS_lilyport_harnessfix_phantom_rows_2026-08-07.tsv. The engine did not get worse; the measurement was wrong.
2026-08-07	part-combine-keep-with-tag.svg	GLYPHS-DIFFER	MISSING	PHANTOM floor, re-baselined 1541 -> 1444. BatchDriver never cleaned candidate/svg, so each of these rows was graded against a page an EARLIER run had produced, after the file itself had stopped producing one; the ratchet then reported no regression for the failure it exists to catch. First measurement against a clean directory 2026-08-07. Attribution is from the saved sweep logs, which record what each sweep PRODUCED and so do not depend on the directory: 23 stopped at LS-FIX2, 14 at Wave A, 59 at EPG22, and NONE was still producing in the most recent sweep. 78 of the stale pages held zero music glyphs. Causes now: 40 pre-existing parse errors, 29 ly:stencil-extent, 18 no-current-parser (a live defect this exposed), 10 other. Per-row evidence: ~/ClaudeHome/ANALYSIS_lilyport_harnessfix_phantom_rows_2026-08-07.tsv. The engine did not get worse; the measurement was wrong.
2026-08-07	part-combine-mmrest-after-apart-silence.svg	GLYPHS-DIFFER	MISSING	PHANTOM floor, re-baselined 1541 -> 1444. BatchDriver never cleaned candidate/svg, so each of these rows was graded against a page an EARLIER run had produced, after the file itself had stopped producing one; the ratchet then reported no regression for the failure it exists to catch. First measurement against a clean directory 2026-08-07. Attribution is from the saved sweep logs, which record what each sweep PRODUCED and so do not depend on the directory: 23 stopped at LS-FIX2, 14 at Wave A, 59 at EPG22, and NONE was still producing in the most recent sweep. 78 of the stale pages held zero music glyphs. Causes now: 40 pre-existing parse errors, 29 ly:stencil-extent, 18 no-current-parser (a live defect this exposed), 10 other. Per-row evidence: ~/ClaudeHome/ANALYSIS_lilyport_harnessfix_phantom_rows_2026-08-07.tsv. The engine did not get worse; the measurement was wrong.
2026-08-07	part-combine-mmrest-shared.svg	GLYPHS-DIFFER	MISSING	PHANTOM floor, re-baselined 1541 -> 1444. BatchDriver never cleaned candidate/svg, so each of these rows was graded against a page an EARLIER run had produced, after the file itself had stopped producing one; the ratchet then reported no regression for the failure it exists to catch. First measurement against a clean directory 2026-08-07. Attribution is from the saved sweep logs, which record what each sweep PRODUCED and so do not depend on the directory: 23 stopped at LS-FIX2, 14 at Wave A, 59 at EPG22, and NONE was still producing in the most recent sweep. 78 of the stale pages held zero music glyphs. Causes now: 40 pre-existing parse errors, 29 ly:stencil-extent, 18 no-current-parser (a live defect this exposed), 10 other. Per-row evidence: ~/ClaudeHome/ANALYSIS_lilyport_harnessfix_phantom_rows_2026-08-07.tsv. The engine did not get worse; the measurement was wrong.
2026-08-07	part-combine-silence-mixed.svg	GLYPHS-DIFFER	MISSING	PHANTOM floor, re-baselined 1541 -> 1444. BatchDriver never cleaned candidate/svg, so each of these rows was graded against a page an EARLIER run had produced, after the file itself had stopped producing one; the ratchet then reported no regression for the failure it exists to catch. First measurement against a clean directory 2026-08-07. Attribution is from the saved sweep logs, which record what each sweep PRODUCED and so do not depend on the directory: 23 stopped at LS-FIX2, 14 at Wave A, 59 at EPG22, and NONE was still producing in the most recent sweep. 78 of the stale pages held zero music glyphs. Causes now: 40 pre-existing parse errors, 29 ly:stencil-extent, 18 no-current-parser (a live defect this exposed), 10 other. Per-row evidence: ~/ClaudeHome/ANALYSIS_lilyport_harnessfix_phantom_rows_2026-08-07.tsv. The engine did not get worse; the measurement was wrong.
2026-08-07	pes-flexa.svg	GLYPHS-DIFFER	MISSING	PHANTOM floor, re-baselined 1541 -> 1444. BatchDriver never cleaned candidate/svg, so each of these rows was graded against a page an EARLIER run had produced, after the file itself had stopped producing one; the ratchet then reported no regression for the failure it exists to catch. First measurement against a clean directory 2026-08-07. Attribution is from the saved sweep logs, which record what each sweep PRODUCED and so do not depend on the directory: 23 stopped at LS-FIX2, 14 at Wave A, 59 at EPG22, and NONE was still producing in the most recent sweep. 78 of the stale pages held zero music glyphs. Causes now: 40 pre-existing parse errors, 29 ly:stencil-extent, 18 no-current-parser (a live defect this exposed), 10 other. Per-row evidence: ~/ClaudeHome/ANALYSIS_lilyport_harnessfix_phantom_rows_2026-08-07.tsv. The engine did not get worse; the measurement was wrong.
2026-08-07	rehearsal-mark-formatters.svg	GLYPHS-DIFFER	MISSING	PHANTOM floor, re-baselined 1541 -> 1444. BatchDriver never cleaned candidate/svg, so each of these rows was graded against a page an EARLIER run had produced, after the file itself had stopped producing one; the ratchet then reported no regression for the failure it exists to catch. First measurement against a clean directory 2026-08-07. Attribution is from the saved sweep logs, which record what each sweep PRODUCED and so do not depend on the directory: 23 stopped at LS-FIX2, 14 at Wave A, 59 at EPG22, and NONE was still producing in the most recent sweep. 78 of the stale pages held zero music glyphs. Causes now: 40 pre-existing parse errors, 29 ly:stencil-extent, 18 no-current-parser (a live defect this exposed), 10 other. Per-row evidence: ~/ClaudeHome/ANALYSIS_lilyport_harnessfix_phantom_rows_2026-08-07.tsv. The engine did not get worse; the measurement was wrong.
2026-08-07	rehearsal-mark-number.svg	GLYPHS-DIFFER	MISSING	PHANTOM floor, re-baselined 1541 -> 1444. BatchDriver never cleaned candidate/svg, so each of these rows was graded against a page an EARLIER run had produced, after the file itself had stopped producing one; the ratchet then reported no regression for the failure it exists to catch. First measurement against a clean directory 2026-08-07. Attribution is from the saved sweep logs, which record what each sweep PRODUCED and so do not depend on the directory: 23 stopped at LS-FIX2, 14 at Wave A, 59 at EPG22, and NONE was still producing in the most recent sweep. 78 of the stale pages held zero music glyphs. Causes now: 40 pre-existing parse errors, 29 ly:stencil-extent, 18 no-current-parser (a live defect this exposed), 10 other. Per-row evidence: ~/ClaudeHome/ANALYSIS_lilyport_harnessfix_phantom_rows_2026-08-07.tsv. The engine did not get worse; the measurement was wrong.
2026-08-07	repeat-ds-mark-override.svg	GLYPHS-DIFFER	MISSING	PHANTOM floor, re-baselined 1541 -> 1444. BatchDriver never cleaned candidate/svg, so each of these rows was graded against a page an EARLIER run had produced, after the file itself had stopped producing one; the ratchet then reported no regression for the failure it exists to catch. First measurement against a clean directory 2026-08-07. Attribution is from the saved sweep logs, which record what each sweep PRODUCED and so do not depend on the directory: 23 stopped at LS-FIX2, 14 at Wave A, 59 at EPG22, and NONE was still producing in the most recent sweep. 78 of the stale pages held zero music glyphs. Causes now: 40 pre-existing parse errors, 29 ly:stencil-extent, 18 no-current-parser (a live defect this exposed), 10 other. Per-row evidence: ~/ClaudeHome/ANALYSIS_lilyport_harnessfix_phantom_rows_2026-08-07.tsv. The engine did not get worse; the measurement was wrong.
2026-08-07	repeat-petrucci-with-measure-bar-lines.svg	GLYPHS-DIFFER	MISSING	PHANTOM floor, re-baselined 1541 -> 1444. BatchDriver never cleaned candidate/svg, so each of these rows was graded against a page an EARLIER run had produced, after the file itself had stopped producing one; the ratchet then reported no regression for the failure it exists to catch. First measurement against a clean directory 2026-08-07. Attribution is from the saved sweep logs, which record what each sweep PRODUCED and so do not depend on the directory: 23 stopped at LS-FIX2, 14 at Wave A, 59 at EPG22, and NONE was still producing in the most recent sweep. 78 of the stale pages held zero music glyphs. Causes now: 40 pre-existing parse errors, 29 ly:stencil-extent, 18 no-current-parser (a live defect this exposed), 10 other. Per-row evidence: ~/ClaudeHome/ANALYSIS_lilyport_harnessfix_phantom_rows_2026-08-07.tsv. The engine did not get worse; the measurement was wrong.
2026-08-07	repeat-petrucci.svg	GLYPHS-DIFFER	MISSING	PHANTOM floor, re-baselined 1541 -> 1444. BatchDriver never cleaned candidate/svg, so each of these rows was graded against a page an EARLIER run had produced, after the file itself had stopped producing one; the ratchet then reported no regression for the failure it exists to catch. First measurement against a clean directory 2026-08-07. Attribution is from the saved sweep logs, which record what each sweep PRODUCED and so do not depend on the directory: 23 stopped at LS-FIX2, 14 at Wave A, 59 at EPG22, and NONE was still producing in the most recent sweep. 78 of the stale pages held zero music glyphs. Causes now: 40 pre-existing parse errors, 29 ly:stencil-extent, 18 no-current-parser (a live defect this exposed), 10 other. Per-row evidence: ~/ClaudeHome/ANALYSIS_lilyport_harnessfix_phantom_rows_2026-08-07.tsv. The engine did not get worse; the measurement was wrong.
2026-08-07	segno-mark-begin-score-default.svg	GLYPHS-DIFFER	MISSING	PHANTOM floor, re-baselined 1541 -> 1444. BatchDriver never cleaned candidate/svg, so each of these rows was graded against a page an EARLIER run had produced, after the file itself had stopped producing one; the ratchet then reported no regression for the failure it exists to catch. First measurement against a clean directory 2026-08-07. Attribution is from the saved sweep logs, which record what each sweep PRODUCED and so do not depend on the directory: 23 stopped at LS-FIX2, 14 at Wave A, 59 at EPG22, and NONE was still producing in the most recent sweep. 78 of the stale pages held zero music glyphs. Causes now: 40 pre-existing parse errors, 29 ly:stencil-extent, 18 no-current-parser (a live defect this exposed), 10 other. Per-row evidence: ~/ClaudeHome/ANALYSIS_lilyport_harnessfix_phantom_rows_2026-08-07.tsv. The engine did not get worse; the measurement was wrong.
2026-08-07	segno-mark-begin-score-specific.svg	GLYPHS-DIFFER	MISSING	PHANTOM floor, re-baselined 1541 -> 1444. BatchDriver never cleaned candidate/svg, so each of these rows was graded against a page an EARLIER run had produced, after the file itself had stopped producing one; the ratchet then reported no regression for the failure it exists to catch. First measurement against a clean directory 2026-08-07. Attribution is from the saved sweep logs, which record what each sweep PRODUCED and so do not depend on the directory: 23 stopped at LS-FIX2, 14 at Wave A, 59 at EPG22, and NONE was still producing in the most recent sweep. 78 of the stale pages held zero music glyphs. Causes now: 40 pre-existing parse errors, 29 ly:stencil-extent, 18 no-current-parser (a live defect this exposed), 10 other. Per-row evidence: ~/ClaudeHome/ANALYSIS_lilyport_harnessfix_phantom_rows_2026-08-07.tsv. The engine did not get worse; the measurement was wrong.
2026-08-07	segno-mark-break.svg	GLYPHS-DIFFER	MISSING	PHANTOM floor, re-baselined 1541 -> 1444. BatchDriver never cleaned candidate/svg, so each of these rows was graded against a page an EARLIER run had produced, after the file itself had stopped producing one; the ratchet then reported no regression for the failure it exists to catch. First measurement against a clean directory 2026-08-07. Attribution is from the saved sweep logs, which record what each sweep PRODUCED and so do not depend on the directory: 23 stopped at LS-FIX2, 14 at Wave A, 59 at EPG22, and NONE was still producing in the most recent sweep. 78 of the stale pages held zero music glyphs. Causes now: 40 pre-existing parse errors, 29 ly:stencil-extent, 18 no-current-parser (a live defect this exposed), 10 other. Per-row evidence: ~/ClaudeHome/ANALYSIS_lilyport_harnessfix_phantom_rows_2026-08-07.tsv. The engine did not get worse; the measurement was wrong.
2026-08-07	segno-mark-unaligned.svg	GLYPHS-DIFFER	MISSING	PHANTOM floor, re-baselined 1541 -> 1444. BatchDriver never cleaned candidate/svg, so each of these rows was graded against a page an EARLIER run had produced, after the file itself had stopped producing one; the ratchet then reported no regression for the failure it exists to catch. First measurement against a clean directory 2026-08-07. Attribution is from the saved sweep logs, which record what each sweep PRODUCED and so do not depend on the directory: 23 stopped at LS-FIX2, 14 at Wave A, 59 at EPG22, and NONE was still producing in the most recent sweep. 78 of the stale pages held zero music glyphs. Causes now: 40 pre-existing parse errors, 29 ly:stencil-extent, 18 no-current-parser (a live defect this exposed), 10 other. Per-row evidence: ~/ClaudeHome/ANALYSIS_lilyport_harnessfix_phantom_rows_2026-08-07.tsv. The engine did not get worse; the measurement was wrong.
2026-08-07	skiptypesetting-show-first-and-last.svg	GLYPHS-DIFFER	MISSING	PHANTOM floor, re-baselined 1541 -> 1444. BatchDriver never cleaned candidate/svg, so each of these rows was graded against a page an EARLIER run had produced, after the file itself had stopped producing one; the ratchet then reported no regression for the failure it exists to catch. First measurement against a clean directory 2026-08-07. Attribution is from the saved sweep logs, which record what each sweep PRODUCED and so do not depend on the directory: 23 stopped at LS-FIX2, 14 at Wave A, 59 at EPG22, and NONE was still producing in the most recent sweep. 78 of the stale pages held zero music glyphs. Causes now: 40 pre-existing parse errors, 29 ly:stencil-extent, 18 no-current-parser (a live defect this exposed), 10 other. Per-row evidence: ~/ClaudeHome/ANALYSIS_lilyport_harnessfix_phantom_rows_2026-08-07.tsv. The engine did not get worse; the measurement was wrong.
2026-08-07	time-signature-c.svg	GLYPHS-DIFFER	MISSING	PHANTOM floor, re-baselined 1541 -> 1444. BatchDriver never cleaned candidate/svg, so each of these rows was graded against a page an EARLIER run had produced, after the file itself had stopped producing one; the ratchet then reported no regression for the failure it exists to catch. First measurement against a clean directory 2026-08-07. Attribution is from the saved sweep logs, which record what each sweep PRODUCED and so do not depend on the directory: 23 stopped at LS-FIX2, 14 at Wave A, 59 at EPG22, and NONE was still producing in the most recent sweep. 78 of the stale pages held zero music glyphs. Causes now: 40 pre-existing parse errors, 29 ly:stencil-extent, 18 no-current-parser (a live defect this exposed), 10 other. Per-row evidence: ~/ClaudeHome/ANALYSIS_lilyport_harnessfix_phantom_rows_2026-08-07.tsv. The engine did not get worse; the measurement was wrong.
2026-08-07	time-signature-grob-spec-override.svg	GLYPHS-DIFFER	MISSING	PHANTOM floor, re-baselined 1541 -> 1444. BatchDriver never cleaned candidate/svg, so each of these rows was graded against a page an EARLIER run had produced, after the file itself had stopped producing one; the ratchet then reported no regression for the failure it exists to catch. First measurement against a clean directory 2026-08-07. Attribution is from the saved sweep logs, which record what each sweep PRODUCED and so do not depend on the directory: 23 stopped at LS-FIX2, 14 at Wave A, 59 at EPG22, and NONE was still producing in the most recent sweep. 78 of the stale pages held zero music glyphs. Causes now: 40 pre-existing parse errors, 29 ly:stencil-extent, 18 no-current-parser (a live defect this exposed), 10 other. Per-row evidence: ~/ClaudeHome/ANALYSIS_lilyport_harnessfix_phantom_rows_2026-08-07.tsv. The engine did not get worse; the measurement was wrong.
2026-08-07	time-signature-note-flag-style.svg	GLYPHS-DIFFER	MISSING	PHANTOM floor, re-baselined 1541 -> 1444. BatchDriver never cleaned candidate/svg, so each of these rows was graded against a page an EARLIER run had produced, after the file itself had stopped producing one; the ratchet then reported no regression for the failure it exists to catch. First measurement against a clean directory 2026-08-07. Attribution is from the saved sweep logs, which record what each sweep PRODUCED and so do not depend on the directory: 23 stopped at LS-FIX2, 14 at Wave A, 59 at EPG22, and NONE was still producing in the most recent sweep. 78 of the stale pages held zero music glyphs. Causes now: 40 pre-existing parse errors, 29 ly:stencil-extent, 18 no-current-parser (a live defect this exposed), 10 other. Per-row evidence: ~/ClaudeHome/ANALYSIS_lilyport_harnessfix_phantom_rows_2026-08-07.tsv. The engine did not get worse; the measurement was wrong.
2026-08-07	time-signature-note-position.svg	GLYPHS-DIFFER	MISSING	PHANTOM floor, re-baselined 1541 -> 1444. BatchDriver never cleaned candidate/svg, so each of these rows was graded against a page an EARLIER run had produced, after the file itself had stopped producing one; the ratchet then reported no regression for the failure it exists to catch. First measurement against a clean directory 2026-08-07. Attribution is from the saved sweep logs, which record what each sweep PRODUCED and so do not depend on the directory: 23 stopped at LS-FIX2, 14 at Wave A, 59 at EPG22, and NONE was still producing in the most recent sweep. 78 of the stale pages held zero music glyphs. Causes now: 40 pre-existing parse errors, 29 ly:stencil-extent, 18 no-current-parser (a live defect this exposed), 10 other. Per-row evidence: ~/ClaudeHome/ANALYSIS_lilyport_harnessfix_phantom_rows_2026-08-07.tsv. The engine did not get worse; the measurement was wrong.
2026-08-07	zero-staff-space.svg	GLYPHS-DIFFER	MISSING	PHANTOM floor, re-baselined 1541 -> 1444. BatchDriver never cleaned candidate/svg, so each of these rows was graded against a page an EARLIER run had produced, after the file itself had stopped producing one; the ratchet then reported no regression for the failure it exists to catch. First measurement against a clean directory 2026-08-07. Attribution is from the saved sweep logs, which record what each sweep PRODUCED and so do not depend on the directory: 23 stopped at LS-FIX2, 14 at Wave A, 59 at EPG22, and NONE was still producing in the most recent sweep. 78 of the stale pages held zero music glyphs. Causes now: 40 pre-existing parse errors, 29 ly:stencil-extent, 18 no-current-parser (a live defect this exposed), 10 other. Per-row evidence: ~/ClaudeHome/ANALYSIS_lilyport_harnessfix_phantom_rows_2026-08-07.tsv. The engine did not get worse; the measurement was wrong.
2026-08-08	staff-highlight-ossia.svg	GLYPHS-DIFFER	MISSING	EPG11/EPG12 2026-08-08, Jeremy's GO. Cost of FIXING lily/grob.cc's constructor, which had never installed upstream's four DEFAULT callbacks (X-extent, Y-extent, vertical-skylines, horizontal-skylines) on grobs whose description does not name them. Specifically the X-extent default: staff-highlight::height now reads `elements' before it is populated and dies on ly:grob-array->list of (). The fix is not optional - without it every NoteHead answers an EMPTY horizontal extent, which is what killed 23 files when ties first asked for one. EPG22's pattern: these pages stopped being EMPTY and now reach real engraving, where they hit a gap that was always there. Expected to resolve with EPG15/EPG16 line breaking.
2026-08-08	staff-highlight-rhythmicstaff.svg	GLYPHS-DIFFER	MISSING	EPG11/EPG12 2026-08-08, Jeremy's GO. Cost of FIXING lily/grob.cc's constructor, which had never installed upstream's four DEFAULT callbacks (X-extent, Y-extent, vertical-skylines, horizontal-skylines) on grobs whose description does not name them. Specifically the X-extent default: staff-highlight::height now reads `elements' before it is populated and dies on ly:grob-array->list of (). The fix is not optional - without it every NoteHead answers an EMPTY horizontal extent, which is what killed 23 files when ties first asked for one. EPG22's pattern: these pages stopped being EMPTY and now reach real engraving, where they hit a gap that was always there. Expected to resolve with EPG15/EPG16 line breaking.
2026-08-08	staff-highlight-score-rhythmic-staves.svg	GLYPHS-DIFFER	MISSING	EPG11/EPG12 2026-08-08, Jeremy's GO. Cost of FIXING lily/grob.cc's constructor, which had never installed upstream's four DEFAULT callbacks (X-extent, Y-extent, vertical-skylines, horizontal-skylines) on grobs whose description does not name them. Specifically the X-extent default: staff-highlight::height now reads `elements' before it is populated and dies on ly:grob-array->list of (). The fix is not optional - without it every NoteHead answers an EMPTY horizontal extent, which is what killed 23 files when ties first asked for one. EPG22's pattern: these pages stopped being EMPTY and now reach real engraving, where they hit a gap that was always there. Expected to resolve with EPG15/EPG16 line breaking.
2026-08-08	staff-highlight-score.svg	GLYPHS-DIFFER	MISSING	EPG11/EPG12 2026-08-08, Jeremy's GO. Cost of FIXING lily/grob.cc's constructor, which had never installed upstream's four DEFAULT callbacks (X-extent, Y-extent, vertical-skylines, horizontal-skylines) on grobs whose description does not name them. Specifically the X-extent default: staff-highlight::height now reads `elements' before it is populated and dies on ly:grob-array->list of (). The fix is not optional - without it every NoteHead answers an EMPTY horizontal extent, which is what killed 23 files when ties first asked for one. EPG22's pattern: these pages stopped being EMPTY and now reach real engraving, where they hit a gap that was always there. Expected to resolve with EPG15/EPG16 line breaking.
2026-08-08	staff-highlight-start-end.svg	GLYPHS-DIFFER	MISSING	EPG11/EPG12 2026-08-08, Jeremy's GO. Cost of FIXING lily/grob.cc's constructor, which had never installed upstream's four DEFAULT callbacks (X-extent, Y-extent, vertical-skylines, horizontal-skylines) on grobs whose description does not name them. Specifically the X-extent default: staff-highlight::height now reads `elements' before it is populated and dies on ly:grob-array->list of (). The fix is not optional - without it every NoteHead answers an EMPTY horizontal extent, which is what killed 23 files when ties first asked for one. EPG22's pattern: these pages stopped being EMPTY and now reach real engraving, where they hit a gap that was always there. Expected to resolve with EPG15/EPG16 line breaking.
2026-08-08	staff-highlight.svg	GLYPHS-DIFFER	MISSING	EPG11/EPG12 2026-08-08, Jeremy's GO. Cost of FIXING lily/grob.cc's constructor, which had never installed upstream's four DEFAULT callbacks (X-extent, Y-extent, vertical-skylines, horizontal-skylines) on grobs whose description does not name them. Specifically the X-extent default: staff-highlight::height now reads `elements' before it is populated and dies on ly:grob-array->list of (). The fix is not optional - without it every NoteHead answers an EMPTY horizontal extent, which is what killed 23 files when ties first asked for one. EPG22's pattern: these pages stopped being EMPTY and now reach real engraving, where they hit a gap that was always there. Expected to resolve with EPG15/EPG16 line breaking.
2026-08-08	tuplet-slur-tweaks.svg	GLYPHS-DIFFER	MISSING	EPG11/EPG12 2026-08-08, Jeremy's GO. Same grob.cc constructor fix as the staff-highlight rows, but a DIFFERENT one of the four defaults: the Y-extent default. Attributed by measurement, not inference - removing the Y-extent default alone and re-probing restores both files. Symptom is 'Skyline building slope is not finite', a NaN roof height reaching Building::precompute. Expected to resolve with EPG15/EPG16 line breaking; recorded separately from the staff-highlight six so the two causes stay distinguishable.
2026-08-08	tuplet-slurs.svg	GLYPHS-DIFFER	MISSING	EPG11/EPG12 2026-08-08, Jeremy's GO. Same grob.cc constructor fix as the staff-highlight rows, but a DIFFERENT one of the four defaults: the Y-extent default. Attributed by measurement, not inference - removing the Y-extent default alone and re-probing restores both files. Symptom is 'Skyline building slope is not finite', a NaN roof height reaching Building::precompute. Expected to resolve with EPG15/EPG16 line breaking; recorded separately from the staff-highlight six so the two causes stay distinguishable.
2026-08-08	tablature-grace-notes.svg	GLYPHS-DIFFER	MISSING	EPG11/EPG12 2026-08-08, Jeremy's GO. THE ONE ROW NOT EXPLAINED BY A FIX, and recorded alone so it stays visible. It fails with ALL FOUR grob.cc constructor defaults removed, so it is the EPG11/EPG12 tie/slur code's own doing and not the price of the grob.cc repair. Symptom: 'ly:grob-object: Wrong type argument, expected grob: ()'. NOT DIAGNOSED - the session ran out of room after the two causes above were chased to root. Whoever picks this up should start by removing the tie and slur translator registrations and confirming the file recovers, which localises it to one of the five engravers.
2026-08-08	slashed-beam.svg	GLYPHS-DIFFER	MISSING	RATCHET-FIX ruling, EPG19 session 2026-08-08, Jeremy's GO (option c). REATTRIBUTED TO EPG15/EPG16 and it CANNOT be guarded. The failing beams' stems sit at TWO x-coordinates, 1.2392 and 0.065, running BACKWARDS because the columns are still unplaced; that inverts the segment intervals, an inverted interval is is_empty(), and Beam::calc_x_positions therefore takes its OWN 'beams without segments' fallback. The port's calc_x_positions is upstream's line for line INCLUDING that fallback, so there is nothing here to fix. Fourth instance of the recorded unplaced-columns pattern (EPG10, EPG12, EPG17); the first three were C++ and could be guarded at upstream's own threshold, but this arithmetic is in scm/output-lib.scm, vendored byte-identical, so guarding it would mean editing vendored upstream Scheme. It regressed at EPG14 because EPG14's value_type_check fix stopped discarding the file's own \override Beam.stencil - VERIFIED by removing the override and getting a page back. Not the port drawing anything WRONG: the file reaches real beam formatting for the first time and meets a gap that was always there. The row returns when EPG15/EPG16 place the columns.
2026-08-08	nullvoice-change.svg	GLYPHS-DIFFER	MISSING	RATCHET-FIX ruling, EPG19 session 2026-08-08, Jeremy's GO (option c). OWNED BY EPG16, and a DIFFERENT cause from slashed-beam, which is why it is recorded separately. The file's toplevel expression is a \markup \score-lines block, not a score, and D20's score-level short-circuit in BatchRunner skips toplevel non-score entries BY NAME - the runner says so in its own diagnostic. It produced a page at EPG14 only because the \language leak (RATCHET-FIX finding 7, midi-key-signature.ly including arabic.ly at index 1155) kept the markup from parsing at all; fixing that leak is what exposed this known, recorded limit. Not the port drawing anything WRONG - a documented short-circuit meeting the case it was always going to meet. Closes when EPG16 moves the runner onto the real ly:book-process path.
